ID,CATEGORY,TITLE,PRICE,DATE,URL
5ct71g,Controller,Xbox One Wireless Adapter for Windows 10 - $15.99 w/ Free Shipping ($24.99 - $6.00),15,2016-11-14 00:51:56,https://www.reddit.com/r/buildapcsales/comments/5ct71g/controller_xbox_one_wireless_adapter_for_windows/
5ctm63,GPU,Refurb: R9 380x $149.99 w/code EMCFFFE35,149,2016-11-14 02:24:30,https://www.reddit.com/r/buildapcsales/comments/5ctm63/gpu_refurb_r9_380x_14999_wcode_emcfffe35/
5ctzuv,Keyboard,Patriot Viper V760 Mechanical Gaming Keyboard with Full RGB Backlight - $79.99 ($20 off - $99.99 Regular price),79,2016-11-14 03:51:31,https://www.reddit.com/r/buildapcsales/comments/5ctzuv/keyboard_patriot_viper_v760_mechanical_gaming/
5cu39j,Case,Fractal Design Define R5 Black Silent ATX Midtower - $79.99 + FS ($109.99 - $30 IR| Ends Friday),79,2016-11-14 04:14:08,https://www.reddit.com/r/buildapcsales/comments/5cu39j/case_fractal_design_define_r5_black_silent_atx/
5cupst,Laptop,"Scratch & Dent Acer Aspire V Laptop| 13.3"" 1920x1080 touch| Intel i7-6500U| 8gb Ram| 512gb SSD| Windows 10 Home - Factory Recertified - $494.99",494,2016-11-14 07:03:19,https://www.reddit.com/r/buildapcsales/comments/5cupst/laptop_scratch_dent_acer_aspire_v_laptop_133/
5cuxun,Monitor,"144Hz Acer XF240H 24"" Full HD Monitor with AMD FreeSync - $170 ($230-$60)",170,2016-11-14 08:17:44,https://www.reddit.com/r/buildapcsales/comments/5cuxun/monitor_144hz_acer_xf240h_24_full_hd_monitor_with/
5cv0e6,GPU,MSI GTX 1070 Gaming X 8GB + Gears of War 4 - $385.99 or $360.99 w/Amex Offer ($405.99 - $20 Rebate),385,2016-11-14 08:43:14,https://www.reddit.com/r/buildapcsales/comments/5cv0e6/gpu_msi_gtx_1070_gaming_x_8gb_gears_of_war_4/
5cv0q4,MOBO,MSI Z170A TOMAHAWK AC ATX LGA1151 Motherboard + Mafia 3 - $89.99 ($99.99 - $10 Rebate),89,2016-11-14 08:46:25,https://www.reddit.com/r/buildapcsales/comments/5cv0q4/mobo_msi_z170a_tomahawk_ac_atx_lga1151/
5cv1vy,GPU,MSI GeForce GTX 1070 - $385.99(-$20 MIR),385,2016-11-14 08:58:25,https://www.reddit.com/r/buildapcsales/comments/5cv1vy/gpu_msi_geforce_gtx_1070_3859920_mir/
5cvbdr,Case,Rosewill R379-M Black/Silver SGCC Slim Micro ATX Case + 300w PSU - $29.99 ($49.99 - $20 Rebate),29,2016-11-14 10:30:38,https://www.reddit.com/r/buildapcsales/comments/5cvbdr/case_rosewill_r379m_blacksilver_sgcc_slim_micro/
5cvdw8,PSU,Antec Basiq 350W Power Supply - $19.99 + FS ($29.99 - $10 Fry's Personal Promo),19,2016-11-14 10:55:15,https://www.reddit.com/r/buildapcsales/comments/5cvdw8/psu_antec_basiq_350w_power_supply_1999_fs_2999_10/
5cvt0e,CPU,Intel 6th Generation Core i5-6500 LGA1151 SkyLake Processor- $177 ($200-23 w/ promo code),177,2016-11-14 12:59:16,https://www.reddit.com/r/buildapcsales/comments/5cvt0e/cpuintel_6th_generation_core_i56500_lga1151/
5cvuys,Product Type,100pcs hook and loop cable tie - $9.99 (lightening deal ends at 1230),9,2016-11-14 13:11:31,https://www.reddit.com/r/buildapcsales/comments/5cvuys/product_type_100pcs_hook_and_loop_cable_tie_999/
5cvz3s,Monitor,"Asus PG248Q 24"" 180Hz GSync TN-panel - $349 ($100 off Reg.)",349,2016-11-14 13:38:59,https://www.reddit.com/r/buildapcsales/comments/5cvz3s/monitor_asus_pg248q_24_180hz_gsync_tnpanel_349/
5cvz4z,CPU,Intel I7 6700K 4.0 GHz - $259.99 (299.99-40) Microcenter - In Store Only,259,2016-11-14 13:39:10,https://www.reddit.com/r/buildapcsales/comments/5cvz4z/cpu_intel_i7_6700k_40_ghz_25999_2999940/
5cvzgh,Fan,Rosewill 80mm Sleeve Bearing Fan - $0 ($5 - $5 rebate),0,2016-11-14 13:40:51,https://www.reddit.com/r/buildapcsales/comments/5cvzgh/fan_rosewill_80mm_sleeve_bearing_fan_0_5_5_rebate/
5cw0ng,CPU,i7 6800k- $329 ($499-$170) - Normally $400 in Microcenters - In store only,329,2016-11-14 13:48:23,https://www.reddit.com/r/buildapcsales/comments/5cw0ng/cpu_i7_6800k_329_499170_normally_400_in/
5cw1j9,Monitor,"Dell S2817QR 28"" Ultra HD 4K LED Widescreen Monitor (Free 1-day shipping) - $299.99",299,2016-11-14 13:54:47,https://www.reddit.com/r/buildapcsales/comments/5cw1j9/monitor_dell_s2817qr_28_ultra_hd_4k_led/
5cw1wl,Monitor,Dell Refurbished Professional 24 inch Monitor - P2416D 1440p - $169 (Refurbished),169,2016-11-14 13:57:24,https://www.reddit.com/r/buildapcsales/comments/5cw1wl/monitor_dell_refurbished_professional_24_inch/
5cw5lv,Graphics Card,Gigabyte 980 Ti Gaming OC - $350 (Refurbished),350,2016-11-14 14:20:10,https://www.reddit.com/r/buildapcsales/comments/5cw5lv/graphics_card_gigabyte_980_ti_gaming_oc_350/
5cw8zg,Monitor,"LG 34UM95-P 34"" 21:9 UltraWide IPS 1440p w/Thunderbolt â€“ $599 (899-300)",599,2016-11-14 14:40:28,https://www.reddit.com/r/buildapcsales/comments/5cw8zg/monitor_lg_34um95p_34_219_ultrawide_ips_1440p/
5cwd6k,CPU,Intel i5-6600K SkyLake 1151 - $179 (possibly another $5 off w/ RetailMeNot coupon),179,2016-11-14 15:04:17,https://www.reddit.com/r/buildapcsales/comments/5cwd6k/cpu_intel_i56600k_skylake_1151_179_possibly/
5cwep7,Keyboard,Rosewill Apollo - RK-9100xBBR - Cherry MX Brown w/ Blue Backlight - $29.99 (79.99-50.00),29,2016-11-14 15:12:57,https://www.reddit.com/r/buildapcsales/comments/5cwep7/keyboard_rosewill_apollo_rk9100xbbr_cherry_mx/
5cwhqq,Keyboard,Drevo Gramr 75% Outemu Brown Keyboard - $34.77 ($46.99-26% promocode MC96JHW8),34,2016-11-14 15:29:21,https://www.reddit.com/r/buildapcsales/comments/5cwhqq/keyboard_drevo_gramr_75_outemu_brown_keyboard/
5cwva5,x34-recertified,x34 Predator factory recerfied - $849,849,2016-11-14 16:40:13,https://www.reddit.com/r/buildapcsales/comments/5cwva5/x34recertified_x34_predator_factory_recerfied_849/
5cx286,Router,ASUS TM-AC1900 - $59 ($40 off with promo code WIFI40),59,2016-11-14 17:14:58,https://www.reddit.com/r/buildapcsales/comments/5cx286/router_asus_tmac1900_59_40_off_with_promo_code/
5cxorn,Monitor,Dell Refurbished 27 inch Gaming Monitor - S2716DGR 1440p 144hz - 449.00,449,2016-11-14 19:04:11,https://www.reddit.com/r/buildapcsales/comments/5cxorn/monitor_dell_refurbished_27_inch_gaming_monitor/
5cxzdt,Case,Phanteks Evolv ATX - $140 ($180-$30-$10MIR),140,2016-11-14 19:54:39,https://www.reddit.com/r/buildapcsales/comments/5cxzdt/case_phanteks_evolv_atx_140_1803010mir/
5cy5w5,SSD,*Mobile Only* Crucial MX300 750 GB - $159 ($199 - $30 - $10 Promo Code MBL111416A),159,2016-11-14 20:25:39,https://www.reddit.com/r/buildapcsales/comments/5cy5w5/ssd_mobile_only_crucial_mx300_750_gb_159_199_30/
5cycvk,Motherboard,MSI Gaming Intel Skylake B150 LGA 1151 DDR4 USB 3.1 ATX Motherboard (B150 Gaming M3) - $69.99(After $20 MIR),69,2016-11-14 20:58:45,https://www.reddit.com/r/buildapcsales/comments/5cycvk/motherboard_msi_gaming_intel_skylake_b150_lga/
5cyrty,Monitor,"Acer Predator X34 34"" Curved LED LCD G-Sync Monitor Refurbished - $788.00",788,2016-11-14 22:11:46,https://www.reddit.com/r/buildapcsales/comments/5cyrty/monitor_acer_predator_x34_34_curved_led_lcd_gsync/
5cyujr,KEYBOARD,[Lightning Deal,,2016-11-14 22:24:52,https://www.reddit.com/r/buildapcsales/comments/5cyujr/keyboard_lightning_deal_gamdias_hermes_rgb/
5cyx4z,Product Type,Brief Description - $Price (Discount Information),,2016-11-14 22:37:51,https://www.reddit.com/r/buildapcsales/comments/5cyx4z/product_type_brief_description_price_discount/
5czjec,Motherboard,BIOSTAR RACING Z170GT7 - 100usd (20usd Rebate),,2016-11-15 00:35:15,https://www.reddit.com/r/buildapcsales/comments/5czjec/motherboard_biostar_racing_z170gt7_100usd_20usd/
5czjz4,Monitor,"IT'S BACK Acer Predator X34 34"" Curved LED LCD G-Sync Monitor Refurbished - $788.00",788,2016-11-15 00:38:38,https://www.reddit.com/r/buildapcsales/comments/5czjz4/monitor_its_back_acer_predator_x34_34_curved_led/
5czn2e,OPEN BOX GPU,"EVGA GeForce GTX 1070 FTW - $350.82 (Amazon Warehouse Deals: ""Used - Like New - Item is in original| pristine packaging."")",350,2016-11-15 00:55:40,https://www.reddit.com/r/buildapcsales/comments/5czn2e/open_box_gpu_evga_geforce_gtx_1070_ftw_35082/
